mmsi,vessel_name,timestamp,latitude,longitude,sog,cog,heading
419000001,MV KAVERI STAR,2026-08-20 12:00:00+00:00,-18.51568,147.461995,11.47,47.0,47.0
419000001,MV KAVERI STAR,2026-08-20 12:05:00+00:00,-18.510261,147.470492,10.84,45.2,45.2
419000001,MV KAVERI STAR,2026-08-20 12:10:00+00:00,-18.499159,147.48,11.39,47.4,47.4
419000001,MV KAVERI STAR,2026-08-20 12:15:00+00:00,-18.490568,147.491684,10.57,46.2,46.2
419000001,MV KAVERI STAR,2026-08-20 12:20:00+00:00,-18.481679,147.49759,10.98,47.4,47.4
419000001,MV KAVERI STAR,2026-08-20 12:25:00+00:00,-18.473951,147.506854,10.92,48.4,48.4
419000001,MV KAVERI STAR,2026-08-20 12:30:00+00:00,-18.465803,147.516191,11.18,46.4,46.4
419000001,MV KAVERI STAR,2026-08-20 12:35:00+00:00,-18.456184,147.526173,10.8,51.2,51.2
419000001,MV KAVERI STAR,2026-08-20 12:40:00+00:00,-18.44896,147.533275,11.56,46.6,46.6
419000001,MV KAVERI STAR,2026-08-20 12:45:00+00:00,-18.439941,147.542107,11.33,42.3,42.3
419000001,MV KAVERI STAR,2026-08-20 12:50:00+00:00,-18.4303,147.552942,11.12,42.8,42.8
419000001,MV KAVERI STAR,2026-08-20 12:55:00+00:00,-18.422671,147.561351,11.11,47.4,47.4
419000001,MV KAVERI STAR,2026-08-20 13:00:00+00:00,-18.41343,147.570006,11.32,45.7,45.7
419000001,MV KAVERI STAR,2026-08-20 13:05:00+00:00,-18.407849,147.578326,10.68,43.4,43.4
419000001,MV KAVERI STAR,2026-08-20 13:10:00+00:00,-18.397767,147.589773,11.48,42.2,42.2
419000001,MV KAVERI STAR,2026-08-20 13:15:00+00:00,-18.391199,147.596044,11.29,45.3,45.3
419000001,MV KAVERI STAR,2026-08-20 13:20:00+00:00,-18.379472,147.606516,10.77,43.7,43.7
419000001,MV KAVERI STAR,2026-08-20 13:25:00+00:00,-18.370795,147.613987,10.43,41.0,41.0
419000001,MV KAVERI STAR,2026-08-20 13:30:00+00:00,-18.364727,147.623835,11.35,45.2,45.2
419000001,MV KAVERI STAR,2026-08-20 13:35:00+00:00,-18.355581,147.632224,10.85,46.7,46.7
419000001,MV KAVERI STAR,2026-08-20 13:40:00+00:00,-18.345904,147.639929,10.81,43.7,43.7
419000001,MV KAVERI STAR,2026-08-20 13:45:00+00:00,-18.339667,147.650429,11.01,43.4,43.4
419000001,MV KAVERI STAR,2026-08-20 13:50:00+00:00,-18.328914,147.659242,10.95,46.8,46.8
419000001,MV KAVERI STAR,2026-08-20 13:55:00+00:00,-18.321662,147.667364,10.28,39.7,39.7
419000001,MV KAVERI STAR,2026-08-20 14:00:00+00:00,-18.314404,147.674932,10.55,46.0,46.0
419000001,MV KAVERI STAR,2026-08-20 14:05:00+00:00,-18.304644,147.687061,11.37,43.7,43.7
419000001,MV KAVERI STAR,2026-08-20 14:10:00+00:00,-18.296919,147.693795,10.83,42.0,42.0
419000001,MV KAVERI STAR,2026-08-20 14:15:00+00:00,-18.286034,147.700505,11.12,46.1,46.1
419000001,MV KAVERI STAR,2026-08-20 14:20:00+00:00,-18.279501,147.709774,10.74,45.0,45.0
419000001,MV KAVERI STAR,2026-08-20 14:25:00+00:00,-18.269901,147.720727,10.88,49.6,49.6
419000001,MV KAVERI STAR,2026-08-20 14:30:00+00:00,-18.263127,147.72982,11.68,45.5,45.5
419000001,MV KAVERI STAR,2026-08-20 14:35:00+00:00,-18.252127,147.738942,10.41,49.2,49.2
419000001,MV KAVERI STAR,2026-08-20 14:40:00+00:00,-18.245649,147.745991,10.31,43.6,43.6
419000001,MV KAVERI STAR,2026-08-20 14:45:00+00:00,-18.235441,147.75586,10.49,40.4,40.4
419000001,MV KAVERI STAR,2026-08-20 14:50:00+00:00,-18.227399,147.766234,12.46,50.8,50.8
419000001,MV KAVERI STAR,2026-08-20 14:55:00+00:00,-18.218784,147.772511,11.13,38.4,38.4
419000001,MV KAVERI STAR,2026-08-20 15:00:00+00:00,-18.21197,147.782195,10.93,43.0,43.0
419000001,MV KAVERI STAR,2026-08-20 15:05:00+00:00,-18.200943,147.791877,10.48,44.3,44.3
419000001,MV KAVERI STAR,2026-08-20 15:10:00+00:00,-18.196182,147.799834,11.88,44.7,44.7
419000001,MV KAVERI STAR,2026-08-20 15:15:00+00:00,-18.185255,147.810788,10.41,43.3,43.3
419000001,MV KAVERI STAR,2026-08-20 15:20:00+00:00,-18.178263,147.817235,10.59,51.2,51.2
419000001,MV KAVERI STAR,2026-08-20 15:25:00+00:00,-18.167338,147.825853,11.19,47.6,47.6
419000001,MV KAVERI STAR,2026-08-20 15:30:00+00:00,-18.160209,147.835945,11.22,42.9,42.9
419000001,MV KAVERI STAR,2026-08-20 15:35:00+00:00,-18.152135,147.843135,11.09,41.0,41.0
419000001,MV KAVERI STAR,2026-08-20 15:40:00+00:00,-18.140897,147.853969,11.14,44.5,44.5
419000001,MV KAVERI STAR,2026-08-20 15:45:00+00:00,-18.132789,147.862923,11.55,43.6,43.6
419000001,MV KAVERI STAR,2026-08-20 15:50:00+00:00,-18.125501,147.87366,10.39,45.4,45.4
419000001,MV KAVERI STAR,2026-08-20 15:55:00+00:00,-18.11946,147.882693,10.91,50.0,50.0
419000001,MV KAVERI STAR,2026-08-20 16:00:00+00:00,-18.109645,147.891294,10.55,41.5,41.5
419000002,MV COASTAL BREEZE,2026-08-20 07:00:00+00:00,-18.560439,147.368301,9.92,35.3,35.3
419000002,MV COASTAL BREEZE,2026-08-20 07:05:00+00:00,-18.547665,147.380718,10.32,35.6,35.6
419000002,MV COASTAL BREEZE,2026-08-20 07:10:00+00:00,-18.537715,147.388503,9.39,32.8,32.8
419000002,MV COASTAL BREEZE,2026-08-20 07:15:00+00:00,-18.522937,147.397953,9.34,38.1,38.1
419000002,MV COASTAL BREEZE,2026-08-20 07:20:00+00:00,-18.508515,147.407595,10.5,34.3,34.3
419000002,MV COASTAL BREEZE,2026-08-20 07:25:00+00:00,-18.494638,147.420039,9.65,34.9,34.9
419000002,MV COASTAL BREEZE,2026-08-20 07:30:00+00:00,-18.482483,147.428338,9.46,35.9,35.9
419000002,MV COASTAL BREEZE,2026-08-20 07:35:00+00:00,-18.468867,147.438173,10.94,42.9,42.9
419000002,MV COASTAL BREEZE,2026-08-20 07:40:00+00:00,-18.456959,147.447296,9.7,30.9,30.9
419000002,MV COASTAL BREEZE,2026-08-20 07:45:00+00:00,-18.442185,147.459273,9.67,33.1,33.1
419000002,MV COASTAL BREEZE,2026-08-20 07:50:00+00:00,-18.432337,147.467184,9.74,32.1,32.1
419000002,MV COASTAL BREEZE,2026-08-20 07:55:00+00:00,-18.417425,147.477136,9.27,30.1,30.1
419000002,MV COASTAL BREEZE,2026-08-20 08:00:00+00:00,-18.400158,147.485297,10.92,32.1,32.1
419000002,MV COASTAL BREEZE,2026-08-20 08:05:00+00:00,-18.385917,147.495317,10.17,34.2,34.2
419000002,MV COASTAL BREEZE,2026-08-20 08:10:00+00:00,-18.374324,147.505435,10.39,34.6,34.6
419000002,MV COASTAL BREEZE,2026-08-20 08:15:00+00:00,-18.36289,147.516157,9.31,34.9,34.9
419000002,MV COASTAL BREEZE,2026-08-20 08:20:00+00:00,-18.350615,147.526169,9.72,36.0,36.0
419000002,MV COASTAL BREEZE,2026-08-20 08:25:00+00:00,-18.336463,147.53784,10.18,35.8,35.8
419000002,MV COASTAL BREEZE,2026-08-20 08:30:00+00:00,-18.323842,147.546258,10.16,33.2,33.2
419000002,MV COASTAL BREEZE,2026-08-20 08:35:00+00:00,-18.310857,147.559084,10.19,40.1,40.1
419000002,MV COASTAL BREEZE,2026-08-20 08:40:00+00:00,-18.298572,147.564389,10.13,38.9,38.9
419000002,MV COASTAL BREEZE,2026-08-20 08:45:00+00:00,-18.283696,147.573348,10.23,38.1,38.1
419000002,MV COASTAL BREEZE,2026-08-20 08:50:00+00:00,-18.272665,147.585009,10.03,36.2,36.2
419000002,MV COASTAL BREEZE,2026-08-20 08:55:00+00:00,-18.258367,147.595387,10.08,34.6,34.6
419000002,MV COASTAL BREEZE,2026-08-20 09:00:00+00:00,-18.242785,147.601748,10.09,34.7,34.7
419000003,MV NORTHERN TRADER,2026-08-20 10:30:00+00:00,-17.945937,147.841389,9.16,97.8,97.8
419000003,MV NORTHERN TRADER,2026-08-20 10:35:00+00:00,-17.944318,147.841208,8.84,105.6,105.6
419000003,MV NORTHERN TRADER,2026-08-20 10:40:00+00:00,-17.947068,147.843353,9.65,102.1,102.1
419000003,MV NORTHERN TRADER,2026-08-20 10:45:00+00:00,-17.946517,147.848763,9.22,106.6,106.6
419000003,MV NORTHERN TRADER,2026-08-20 10:50:00+00:00,-17.945265,147.848395,8.85,105.5,105.5
419000003,MV NORTHERN TRADER,2026-08-20 10:55:00+00:00,-17.947863,147.848249,8.41,106.0,106.0
419000003,MV NORTHERN TRADER,2026-08-20 11:00:00+00:00,-17.947215,147.850432,9.38,106.6,106.6
419000003,MV NORTHERN TRADER,2026-08-20 11:05:00+00:00,-17.94613,147.853201,8.97,98.3,98.3
419000003,MV NORTHERN TRADER,2026-08-20 11:10:00+00:00,-17.950513,147.852896,9.32,107.6,107.6
419000003,MV NORTHERN TRADER,2026-08-20 11:15:00+00:00,-17.950194,147.853658,8.39,103.2,103.2
419000003,MV NORTHERN TRADER,2026-08-20 11:20:00+00:00,-17.950479,147.857,9.3,106.5,106.5
419000003,MV NORTHERN TRADER,2026-08-20 11:25:00+00:00,-17.953,147.858454,9.21,103.3,103.3
419000003,MV NORTHERN TRADER,2026-08-20 11:30:00+00:00,-17.948022,147.856564,9.3,101.3,101.3
419000003,MV NORTHERN TRADER,2026-08-20 11:35:00+00:00,-17.952683,147.863042,9.42,104.2,104.2
419000003,MV NORTHERN TRADER,2026-08-20 11:40:00+00:00,-17.951635,147.863568,9.12,106.3,106.3
419000003,MV NORTHERN TRADER,2026-08-20 11:45:00+00:00,-17.950866,147.864262,8.93,100.5,100.5
419000003,MV NORTHERN TRADER,2026-08-20 11:50:00+00:00,-17.951713,147.865887,8.47,106.1,106.1
419000003,MV NORTHERN TRADER,2026-08-20 11:55:00+00:00,-17.951999,147.868906,8.59,100.8,100.8
419000003,MV NORTHERN TRADER,2026-08-20 12:00:00+00:00,-17.951878,147.869468,9.66,103.1,103.1
419000003,MV NORTHERN TRADER,2026-08-20 12:05:00+00:00,-17.951313,147.870929,10.16,104.7,104.7
419000003,MV NORTHERN TRADER,2026-08-20 12:10:00+00:00,-17.953077,147.868363,8.77,107.9,107.9
419000003,MV NORTHERN TRADER,2026-08-20 12:15:00+00:00,-17.952975,147.87452,8.37,98.2,98.2
419000003,MV NORTHERN TRADER,2026-08-20 12:20:00+00:00,-17.955617,147.873004,9.26,104.4,104.4
419000003,MV NORTHERN TRADER,2026-08-20 12:25:00+00:00,-17.953393,147.873592,9.03,96.1,96.1
419000003,MV NORTHERN TRADER,2026-08-20 12:30:00+00:00,-17.95473,147.877708,9.07,105.2,105.2
419000003,MV NORTHERN TRADER,2026-08-20 12:35:00+00:00,-17.953382,147.878846,8.65,104.6,104.6
419000003,MV NORTHERN TRADER,2026-08-20 12:40:00+00:00,-17.95498,147.880265,8.8,105.5,105.5
419000003,MV NORTHERN TRADER,2026-08-20 12:45:00+00:00,-17.954352,147.881074,9.41,102.7,102.7
419000003,MV NORTHERN TRADER,2026-08-20 12:50:00+00:00,-17.958086,147.881078,7.83,98.6,98.6
419000003,MV NORTHERN TRADER,2026-08-20 12:55:00+00:00,-17.956626,147.88544,9.1,102.2,102.2
419000003,MV NORTHERN TRADER,2026-08-20 13:00:00+00:00,-17.954551,147.887723,9.68,102.8,102.8
419000003,MV NORTHERN TRADER,2026-08-20 13:05:00+00:00,-17.956226,147.886121,8.26,101.3,101.3
419000003,MV NORTHERN TRADER,2026-08-20 13:10:00+00:00,-17.957879,147.888264,9.86,105.5,105.5
419000003,MV NORTHERN TRADER,2026-08-20 13:15:00+00:00,-17.958872,147.890792,9.24,99.9,99.9
419000003,MV NORTHERN TRADER,2026-08-20 13:20:00+00:00,-17.957498,147.889106,8.7,105.8,105.8
419000003,MV NORTHERN TRADER,2026-08-20 13:25:00+00:00,-17.958368,147.891649,9.21,101.1,101.1
419000003,MV NORTHERN TRADER,2026-08-20 13:30:00+00:00,-17.958223,147.895094,9.66,104.1,104.1
419000003,MV NORTHERN TRADER,2026-08-20 13:35:00+00:00,-17.958754,147.894,8.83,106.3,106.3
419000003,MV NORTHERN TRADER,2026-08-20 13:40:00+00:00,-17.9571,147.898099,9.17,102.7,102.7
419000003,MV NORTHERN TRADER,2026-08-20 13:45:00+00:00,-17.956289,147.901963,9.08,103.3,103.3
419000003,MV NORTHERN TRADER,2026-08-20 13:50:00+00:00,-17.957798,147.899287,8.99,104.1,104.1
419000003,MV NORTHERN TRADER,2026-08-20 13:55:00+00:00,-17.959155,147.900769,7.96,98.3,98.3
419000003,MV NORTHERN TRADER,2026-08-20 14:00:00+00:00,-17.96142,147.902764,9.97,102.2,102.2
419000003,MV NORTHERN TRADER,2026-08-20 14:05:00+00:00,-17.958727,147.903515,8.8,104.1,104.1
419000003,MV NORTHERN TRADER,2026-08-20 14:10:00+00:00,-17.960936,147.906604,8.83,104.9,104.9
419000003,MV NORTHERN TRADER,2026-08-20 14:15:00+00:00,-17.95943,147.906188,10.3,103.1,103.1
419000003,MV NORTHERN TRADER,2026-08-20 14:20:00+00:00,-17.960894,147.9113,9.29,103.3,103.3
419000003,MV NORTHERN TRADER,2026-08-20 14:25:00+00:00,-17.961596,147.910493,9.22,100.7,100.7
419000003,MV NORTHERN TRADER,2026-08-20 14:30:00+00:00,-17.962997,147.913141,9.18,106.3,106.3
419000003,MV NORTHERN TRADER,2026-08-20 14:35:00+00:00,-17.962554,147.914306,9.47,102.1,102.1
419000003,MV NORTHERN TRADER,2026-08-20 14:40:00+00:00,-17.964973,147.914652,8.25,97.1,97.1
419000003,MV NORTHERN TRADER,2026-08-20 14:45:00+00:00,-17.960961,147.917859,8.25,100.9,100.9
419000003,MV NORTHERN TRADER,2026-08-20 14:50:00+00:00,-17.967156,147.917286,9.22,110.3,110.3
419000003,MV NORTHERN TRADER,2026-08-20 14:55:00+00:00,-17.964216,147.920178,8.85,98.4,98.4
419000003,MV NORTHERN TRADER,2026-08-20 15:00:00+00:00,-17.963645,147.920862,9.17,105.4,105.4
419000003,MV NORTHERN TRADER,2026-08-20 15:05:00+00:00,-17.963197,147.921473,9.81,105.7,105.7
419000003,MV NORTHERN TRADER,2026-08-20 15:10:00+00:00,-17.965742,147.922655,8.9,107.1,107.1
419000003,MV NORTHERN TRADER,2026-08-20 15:15:00+00:00,-17.962845,147.92475,9.07,107.4,107.4
419000003,MV NORTHERN TRADER,2026-08-20 15:20:00+00:00,-17.964722,147.929057,8.53,102.0,102.0
419000003,MV NORTHERN TRADER,2026-08-20 15:25:00+00:00,-17.966004,147.928946,9.32,98.4,98.4
419000003,MV NORTHERN TRADER,2026-08-20 15:30:00+00:00,-17.966449,147.931395,8.61,95.9,95.9
419000003,MV NORTHERN TRADER,2026-08-20 15:35:00+00:00,-17.968329,147.930063,8.91,103.8,103.8
419000003,MV NORTHERN TRADER,2026-08-20 15:40:00+00:00,-17.966708,147.932472,8.5,103.7,103.7
419000003,MV NORTHERN TRADER,2026-08-20 15:45:00+00:00,-17.965728,147.935101,9.28,104.2,104.2
419000003,MV NORTHERN TRADER,2026-08-20 15:50:00+00:00,-17.966608,147.938509,8.85,102.8,102.8
419000003,MV NORTHERN TRADER,2026-08-20 15:55:00+00:00,-17.968355,147.935628,8.56,99.3,99.3
419000003,MV NORTHERN TRADER,2026-08-20 16:00:00+00:00,-17.967752,147.939028,8.62,103.2,103.2
419000003,MV NORTHERN TRADER,2026-08-20 16:05:00+00:00,-17.966758,147.941066,8.67,102.6,102.6
419000003,MV NORTHERN TRADER,2026-08-20 16:10:00+00:00,-17.967558,147.941749,8.97,98.7,98.7
419000003,MV NORTHERN TRADER,2026-08-20 16:15:00+00:00,-17.96827,147.941673,8.27,103.6,103.6
419000003,MV NORTHERN TRADER,2026-08-20 16:20:00+00:00,-17.967135,147.946179,9.18,102.3,102.3
419000003,MV NORTHERN TRADER,2026-08-20 16:25:00+00:00,-17.97254,147.944237,8.46,102.2,102.2
419000003,MV NORTHERN TRADER,2026-08-20 16:30:00+00:00,-17.968625,147.950169,8.58,99.5,99.5
419000003,MV NORTHERN TRADER,2026-08-20 16:35:00+00:00,-17.969598,147.951086,9.12,99.4,99.4
419000003,MV NORTHERN TRADER,2026-08-20 16:40:00+00:00,-17.967769,147.947928,8.79,99.2,99.2
419000003,MV NORTHERN TRADER,2026-08-20 16:45:00+00:00,-17.971269,147.952884,8.11,103.8,103.8
419000003,MV NORTHERN TRADER,2026-08-20 16:50:00+00:00,-17.970187,147.952378,8.69,106.9,106.9
419000003,MV NORTHERN TRADER,2026-08-20 16:55:00+00:00,-17.972073,147.955427,9.22,105.3,105.3
419000003,MV NORTHERN TRADER,2026-08-20 17:00:00+00:00,-17.973819,147.956887,9.12,100.0,100.0
419000003,MV NORTHERN TRADER,2026-08-20 17:05:00+00:00,-17.973786,147.958222,8.36,100.6,100.6
419000003,MV NORTHERN TRADER,2026-08-20 17:10:00+00:00,-17.97121,147.959396,9.73,101.2,101.2
419000003,MV NORTHERN TRADER,2026-08-20 17:15:00+00:00,-17.973099,147.960563,8.69,103.9,103.9
419000003,MV NORTHERN TRADER,2026-08-20 17:20:00+00:00,-17.972185,147.961226,9.68,101.8,101.8
419000003,MV NORTHERN TRADER,2026-08-20 17:25:00+00:00,-17.974559,147.960028,10.27,107.9,107.9
419000003,MV NORTHERN TRADER,2026-08-20 17:30:00+00:00,-17.97402,147.962167,8.86,102.1,102.1
419000004,MV SILVER TIDE,2026-08-20 12:30:00+00:00,-18.425913,147.868718,8.26,294.9,294.9
419000004,MV SILVER TIDE,2026-08-20 12:35:00+00:00,-18.423412,147.86078,8.09,299.3,299.3
419000004,MV SILVER TIDE,2026-08-20 12:40:00+00:00,-18.417572,147.849073,7.13,295.0,295.0
419000004,MV SILVER TIDE,2026-08-20 12:45:00+00:00,-18.412621,147.838208,7.91,298.7,298.7
419000004,MV SILVER TIDE,2026-08-20 12:50:00+00:00,-18.406311,147.826683,8.16,294.9,294.9
419000004,MV SILVER TIDE,2026-08-20 12:55:00+00:00,-18.405481,147.81799,7.84,296.8,296.8
419000004,MV SILVER TIDE,2026-08-20 13:00:00+00:00,-18.402327,147.807201,7.83,290.5,290.5
419000004,MV SILVER TIDE,2026-08-20 13:05:00+00:00,-18.395872,147.794291,8.24,288.3,288.3
419000004,MV SILVER TIDE,2026-08-20 13:10:00+00:00,-18.3922,147.782559,8.14,295.5,295.5
419000004,MV SILVER TIDE,2026-08-20 13:15:00+00:00,-18.388188,147.773819,8.17,295.7,295.7
419000004,MV SILVER TIDE,2026-08-20 13:20:00+00:00,-18.379717,147.765773,7.92,294.3,294.3
419000004,MV SILVER TIDE,2026-08-20 13:25:00+00:00,-18.377571,147.755552,7.74,296.9,296.9
419000004,MV SILVER TIDE,2026-08-20 13:30:00+00:00,-18.374999,147.743471,8.75,295.5,295.5
419000004,MV SILVER TIDE,2026-08-20 13:35:00+00:00,-18.37076,147.733036,7.88,294.1,294.1
419000004,MV SILVER TIDE,2026-08-20 15:10:00+00:00,-18.287704,147.53071,7.61,290.7,290.7
419000004,MV SILVER TIDE,2026-08-20 15:15:00+00:00,-18.287872,147.522026,21.0,70.39999999999998,70.39999999999998
419000004,MV SILVER TIDE,2026-08-20 15:20:00+00:00,-18.278944,147.512533,7.97,290.1,290.1
419000004,MV SILVER TIDE,2026-08-20 15:25:00+00:00,-18.27476,147.500984,8.28,290.4,290.4
419000004,MV SILVER TIDE,2026-08-20 15:30:00+00:00,-18.272213,147.492775,8.35,293.1,293.1
419000010,MV HARBOUR LINK,2026-08-20 09:00:00+00:00,-17.794,147.794594,8.89,107.9,107.9
419000010,MV HARBOUR LINK,2026-08-20 09:06:00+00:00,-17.796276,147.800475,8.99,107.5,107.5
419000010,MV HARBOUR LINK,2026-08-20 09:12:00+00:00,-17.795845,147.805995,8.75,101.7,101.7
419000010,MV HARBOUR LINK,2026-08-20 09:18:00+00:00,-17.798525,147.81136,9.88,109.4,109.4
419000010,MV HARBOUR LINK,2026-08-20 09:24:00+00:00,-17.800379,147.812601,9.53,109.8,109.8
419000010,MV HARBOUR LINK,2026-08-20 09:30:00+00:00,-17.799647,147.818814,9.58,109.3,109.3
419000010,MV HARBOUR LINK,2026-08-20 09:36:00+00:00,-17.800896,147.825115,8.38,103.6,103.6
419000010,MV HARBOUR LINK,2026-08-20 09:42:00+00:00,-17.802151,147.830547,8.57,105.4,105.4
419000010,MV HARBOUR LINK,2026-08-20 09:48:00+00:00,-17.804935,147.835078,9.76,113.9,113.9
419000010,MV HARBOUR LINK,2026-08-20 09:54:00+00:00,-17.807133,147.83739,9.35,108.5,108.5
419000010,MV HARBOUR LINK,2026-08-20 10:00:00+00:00,-17.809565,147.846447,10.07,113.9,113.9
419000010,MV HARBOUR LINK,2026-08-20 10:06:00+00:00,-17.810997,147.849651,9.72,110.4,110.4
419000010,MV HARBOUR LINK,2026-08-20 10:12:00+00:00,-17.809611,147.854234,9.82,110.7,110.7
419000010,MV HARBOUR LINK,2026-08-20 10:18:00+00:00,-17.812404,147.855704,9.22,108.8,108.8
419000010,MV HARBOUR LINK,2026-08-20 10:24:00+00:00,-17.816161,147.865502,10.18,113.7,113.7
419000010,MV HARBOUR LINK,2026-08-20 10:30:00+00:00,-17.815638,147.869927,9.6,108.5,108.5
419000010,MV HARBOUR LINK,2026-08-20 10:36:00+00:00,-17.819027,147.873471,8.85,108.7,108.7
419000010,MV HARBOUR LINK,2026-08-20 10:42:00+00:00,-17.819172,147.87769,9.95,113.9,113.9
419000010,MV HARBOUR LINK,2026-08-20 10:48:00+00:00,-17.820647,147.883049,9.4,108.6,108.6
419000010,MV HARBOUR LINK,2026-08-20 10:54:00+00:00,-17.82369,147.887377,8.87,106.3,106.3
419000010,MV HARBOUR LINK,2026-08-20 11:00:00+00:00,-17.823087,147.893038,9.44,103.1,103.1
419000010,MV HARBOUR LINK,2026-08-20 11:06:00+00:00,-17.823989,147.898877,9.52,111.6,111.6
419000010,MV HARBOUR LINK,2026-08-20 11:12:00+00:00,-17.828046,147.900738,9.69,109.5,109.5
419000010,MV HARBOUR LINK,2026-08-20 11:18:00+00:00,-17.826712,147.908722,8.88,108.1,108.1
419000010,MV HARBOUR LINK,2026-08-20 11:24:00+00:00,-17.830451,147.912366,9.21,107.9,107.9
419000010,MV HARBOUR LINK,2026-08-20 11:30:00+00:00,-17.831234,147.916239,9.66,106.6,106.6
419000010,MV HARBOUR LINK,2026-08-20 11:36:00+00:00,-17.833682,147.922192,8.93,109.3,109.3
419000010,MV HARBOUR LINK,2026-08-20 11:42:00+00:00,-17.835348,147.928775,8.44,105.0,105.0
419000010,MV HARBOUR LINK,2026-08-20 11:48:00+00:00,-17.838781,147.931675,9.44,108.6,108.6
419000010,MV HARBOUR LINK,2026-08-20 11:54:00+00:00,-17.836167,147.932744,10.28,109.7,109.7
419000011,MV DELTA VOYAGER,2026-08-20 12:00:00+00:00,-18.834153,147.652154,11.55,38.4,38.4
419000011,MV DELTA VOYAGER,2026-08-20 12:06:00+00:00,-18.828388,147.658968,11.83,46.1,46.1
419000011,MV DELTA VOYAGER,2026-08-20 12:12:00+00:00,-18.820683,147.661228,11.95,45.9,45.9
419000011,MV DELTA VOYAGER,2026-08-20 12:18:00+00:00,-18.818412,147.665938,12.43,50.2,50.2
419000011,MV DELTA VOYAGER,2026-08-20 12:24:00+00:00,-18.814871,147.671039,11.76,39.6,39.6
419000011,MV DELTA VOYAGER,2026-08-20 12:30:00+00:00,-18.808002,147.673945,12.01,41.5,41.5
419000011,MV DELTA VOYAGER,2026-08-20 12:36:00+00:00,-18.8041,147.678747,12.33,34.8,34.8
419000011,MV DELTA VOYAGER,2026-08-20 12:42:00+00:00,-18.801211,147.68033,12.04,40.5,40.5
419000011,MV DELTA VOYAGER,2026-08-20 12:48:00+00:00,-18.796142,147.687807,11.8,36.6,36.6
419000011,MV DELTA VOYAGER,2026-08-20 12:54:00+00:00,-18.791316,147.690799,11.5,41.5,41.5
419000011,MV DELTA VOYAGER,2026-08-20 13:00:00+00:00,-18.784863,147.695196,11.02,35.0,35.0
419000011,MV DELTA VOYAGER,2026-08-20 13:06:00+00:00,-18.781184,147.699033,11.99,40.3,40.3
419000011,MV DELTA VOYAGER,2026-08-20 13:12:00+00:00,-18.776184,147.704937,11.41,37.3,37.3
419000011,MV DELTA VOYAGER,2026-08-20 13:18:00+00:00,-18.773295,147.708241,11.78,44.4,44.4
419000011,MV DELTA VOYAGER,2026-08-20 13:24:00+00:00,-18.770528,147.709646,11.72,38.1,38.1
419000011,MV DELTA VOYAGER,2026-08-20 13:30:00+00:00,-18.76301,147.716367,12.52,39.7,39.7
419000011,MV DELTA VOYAGER,2026-08-20 13:36:00+00:00,-18.758696,147.719326,11.23,42.1,42.1
419000011,MV DELTA VOYAGER,2026-08-20 13:42:00+00:00,-18.752572,147.72494,12.79,40.2,40.2
419000011,MV DELTA VOYAGER,2026-08-20 13:48:00+00:00,-18.749267,147.731967,11.36,40.0,40.0
419000011,MV DELTA VOYAGER,2026-08-20 13:54:00+00:00,-18.74365,147.731745,12.2,38.4,38.4
419000011,MV DELTA VOYAGER,2026-08-20 14:00:00+00:00,-18.738314,147.736633,12.58,43.6,43.6
419000011,MV DELTA VOYAGER,2026-08-20 14:06:00+00:00,-18.732441,147.742513,11.06,44.7,44.7
419000011,MV DELTA VOYAGER,2026-08-20 14:12:00+00:00,-18.730143,147.744767,11.71,41.0,41.0
419000011,MV DELTA VOYAGER,2026-08-20 14:18:00+00:00,-18.725259,147.75292,12.21,40.1,40.1
419000011,MV DELTA VOYAGER,2026-08-20 14:24:00+00:00,-18.720671,147.754591,12.22,40.7,40.7
419000011,MV DELTA VOYAGER,2026-08-20 14:30:00+00:00,-18.714098,147.761068,12.29,41.6,41.6
419000011,MV DELTA VOYAGER,2026-08-20 14:36:00+00:00,-18.712562,147.76284,12.43,43.5,43.5
419000011,MV DELTA VOYAGER,2026-08-20 14:42:00+00:00,-18.706036,147.768467,12.6,42.1,42.1
419000011,MV DELTA VOYAGER,2026-08-20 14:48:00+00:00,-18.701253,147.770941,10.53,41.7,41.7
419000011,MV DELTA VOYAGER,2026-08-20 14:54:00+00:00,-18.696448,147.770499,12.23,35.5,35.5
419000012,MV OCEAN PIONEER,2026-08-20 11:00:00+00:00,-18.217002,148.171405,14.19,140.5,140.5
419000012,MV OCEAN PIONEER,2026-08-20 11:06:00+00:00,-18.222361,148.179498,13.7,142.6,142.6
419000012,MV OCEAN PIONEER,2026-08-20 11:12:00+00:00,-18.223565,148.179765,13.45,139.6,139.6
419000012,MV OCEAN PIONEER,2026-08-20 11:18:00+00:00,-18.229861,148.180905,13.13,141.8,141.8
419000012,MV OCEAN PIONEER,2026-08-20 11:24:00+00:00,-18.232613,148.186153,13.45,141.8,141.8
419000012,MV OCEAN PIONEER,2026-08-20 11:30:00+00:00,-18.237618,148.190241,12.98,139.6,139.6
419000012,MV OCEAN PIONEER,2026-08-20 11:36:00+00:00,-18.240476,148.192044,13.72,138.4,138.4
419000012,MV OCEAN PIONEER,2026-08-20 11:42:00+00:00,-18.2454,148.193719,13.87,143.3,143.3
419000012,MV OCEAN PIONEER,2026-08-20 11:48:00+00:00,-18.249575,148.20005,13.67,138.4,138.4
419000012,MV OCEAN PIONEER,2026-08-20 11:54:00+00:00,-18.254548,148.201731,14.24,145.2,145.2
419000012,MV OCEAN PIONEER,2026-08-20 12:00:00+00:00,-18.255757,148.207544,13.68,142.3,142.3
419000012,MV OCEAN PIONEER,2026-08-20 12:06:00+00:00,-18.261205,148.209113,13.91,143.0,143.0
419000012,MV OCEAN PIONEER,2026-08-20 12:12:00+00:00,-18.26638,148.211169,13.82,141.4,141.4
419000012,MV OCEAN PIONEER,2026-08-20 12:18:00+00:00,-18.270349,148.215949,13.31,144.6,144.6
419000012,MV OCEAN PIONEER,2026-08-20 12:24:00+00:00,-18.273381,148.219266,14.22,138.9,138.9
419000012,MV OCEAN PIONEER,2026-08-20 12:30:00+00:00,-18.279141,148.219642,12.99,139.5,139.5
419000012,MV OCEAN PIONEER,2026-08-20 12:36:00+00:00,-18.282445,148.224865,13.81,141.6,141.6
419000012,MV OCEAN PIONEER,2026-08-20 12:42:00+00:00,-18.286109,148.228964,13.81,143.8,143.8
419000012,MV OCEAN PIONEER,2026-08-20 12:48:00+00:00,-18.293483,148.231261,13.52,136.1,136.1
419000012,MV OCEAN PIONEER,2026-08-20 12:54:00+00:00,-18.294684,148.236524,13.6,146.2,146.2
419000012,MV OCEAN PIONEER,2026-08-20 13:00:00+00:00,-18.299411,148.238992,13.5,141.0,141.0
419000012,MV OCEAN PIONEER,2026-08-20 13:06:00+00:00,-18.301448,148.240774,13.84,145.0,145.0
419000012,MV OCEAN PIONEER,2026-08-20 13:12:00+00:00,-18.308135,148.24621,13.55,144.7,144.7
419000012,MV OCEAN PIONEER,2026-08-20 13:18:00+00:00,-18.311928,148.246871,13.77,141.0,141.0
419000012,MV OCEAN PIONEER,2026-08-20 13:24:00+00:00,-18.316245,148.251974,13.4,138.9,138.9
419000012,MV OCEAN PIONEER,2026-08-20 13:30:00+00:00,-18.318854,148.258086,14.24,138.5,138.5
419000012,MV OCEAN PIONEER,2026-08-20 13:36:00+00:00,-18.322853,148.258461,13.72,143.0,143.0
419000012,MV OCEAN PIONEER,2026-08-20 13:42:00+00:00,-18.327319,148.263204,14.07,141.3,141.3
419000012,MV OCEAN PIONEER,2026-08-20 13:48:00+00:00,-18.332039,148.264317,13.73,139.4,139.4
419000012,MV OCEAN PIONEER,2026-08-20 13:54:00+00:00,-18.333258,148.267555,12.94,142.0,142.0
